signal_id,source_type,source_name,source_url,title,text,company_name,location,industry,published_at,expected_products,expected_priority
SIG-DEMO-0001,tender,GeM,https://demo.example.com/signals/sig-demo-0001,Tender for Bitumen VG-30 for highway widening package,Supply of 500 MT bitumen for road construction and paving works near Vadodara. Bid closing within 10 days.,National Highways Authority Demo Unit,"Vadodara, Gujarat",Infrastructure,2026-07-01,BITUMEN,CRITICAL
SIG-DEMO-0002,news,Business News RSS,https://demo.example.com/signals/sig-demo-0002,Steel manufacturer announces new blast furnace capacity,"Bharat Process Industries plans a 750 MTPA expansion with boilers, furnace operations, and captive power needs.",Bharat Process Industries,"Jamshedpur, Jharkhand",Steel,2026-07-02,FO|LSHS|HSD,HIGH
SIG-DEMO-0003,company_page,Company Website,https://demo.example.com/signals/sig-demo-0003,Edible oil plant expansion with solvent extraction line,Coromandel Demo Chemicals is commissioning a solvent extraction plant and oil mill using hexane recovery systems.,Coromandel Demo Chemicals,"Mumbai, Maharashtra",Edible Oil,2026-07-03,HEXANE,HIGH
SIG-DEMO-0004,tender,eProcure,https://demo.example.com/signals/sig-demo-0004,Supply of High Speed Diesel for mining fleet and DG sets,"Procurement requirement for 1250 KL HSD diesel for heavy vehicles, backup power, and mining operations.",Dakshin Energy Systems,"Kolkata, West Bengal",Mining,2026-07-04,HSD,CRITICAL
SIG-DEMO-0005,news,Industry RSS,https://demo.example.com/signals/sig-demo-0005,Jute mill adds batching unit in eastern region,Eastern Jute Mills has installed a new jute processing and fiber batching unit for higher production.,Eastern Jute Mills,"Chennai, Tamil Nadu",Jute Manufacturing,2026-07-05,JBO,MEDIUM
SIG-DEMO-0006,tender,Port Tender Portal,https://demo.example.com/signals/sig-demo-0006,Marine bunker fuel requirement for vessel refueling,"Tender for bunker fuel, HSD, and vessel refueling support at port operations.",Frontier Infra Projects,"Hyderabad, Telangana",Shipping,2026-07-06,MARINE_BUNKERS|HSD,CRITICAL
SIG-DEMO-0007,company_page,Company Website,https://demo.example.com/signals/sig-demo-0007,Paint manufacturer opens new resin and thinner line,"Ganga Petrochem Demo requires mineral turpentine oil, solvent 1425, paint thinner, and cleaning solvent for manufacturing.",Ganga Petrochem Demo,"Jaipur, Rajasthan",Paints,2026-07-07,MTO|SOLVENT_1425,HIGH
SIG-DEMO-0008,news,Chemical Industry RSS,https://demo.example.com/signals/sig-demo-0008,Fertilizer complex capacity expansion announced,Himalaya Minerals is expanding fertilizer production and sulfuric acid capacity with molten sulphur handling.,Himalaya Minerals,"Bengaluru, Karnataka",Fertilizers,2026-07-08,SULPHUR,HIGH
SIG-DEMO-0009,company_page,Company Website,https://demo.example.com/signals/sig-demo-0009,Polypropylene unit planned by petrochemical manufacturer,Indus Paints and Coatings disclosed a petrochemical expansion involving propylene and polymer production.,Indus Paints and Coatings,"Pune, Maharashtra",Petrochemicals,2026-07-09,PROPYLENE,HIGH
SIG-DEMO-0010,tender,State Procurement Portal,https://demo.example.com/signals/sig-demo-0010,Light diesel oil requirement for ceramic kilns,"Tender notice for LDO supply to medium speed engines, kilns, and industrial heating units.",Jai Bharat Foods,"Visakhapatnam, Andhra Pradesh",Ceramics,2026-07-10,LDO,CRITICAL
SIG-DEMO-0011,tender,GeM,https://demo.example.com/signals/sig-demo-0011,Tender for Bitumen VG-30 for highway widening package,Supply of 3000 MT bitumen for road construction and paving works near Vadodara. Bid closing within 10 days.,National Highways Authority Demo Unit,"Vadodara, Gujarat",Infrastructure,2026-07-11,BITUMEN,CRITICAL
SIG-DEMO-0012,news,Business News RSS,https://demo.example.com/signals/sig-demo-0012,Steel manufacturer announces new blast furnace capacity,"Bharat Process Industries plans a 3250 MTPA expansion with boilers, furnace operations, and captive power needs.",Bharat Process Industries,"Jamshedpur, Jharkhand",Steel,2026-07-12,FO|LSHS|HSD,HIGH
SIG-DEMO-0013,company_page,Company Website,https://demo.example.com/signals/sig-demo-0013,Edible oil plant expansion with solvent extraction line,Coromandel Demo Chemicals is commissioning a solvent extraction plant and oil mill using hexane recovery systems.,Coromandel Demo Chemicals,"Mumbai, Maharashtra",Edible Oil,2026-07-13,HEXANE,HIGH
SIG-DEMO-0014,tender,eProcure,https://demo.example.com/signals/sig-demo-0014,Supply of High Speed Diesel for mining fleet and DG sets,"Procurement requirement for 3750 KL HSD diesel for heavy vehicles, backup power, and mining operations.",Dakshin Energy Systems,"Kolkata, West Bengal",Mining,2026-07-14,HSD,CRITICAL
SIG-DEMO-0015,news,Industry RSS,https://demo.example.com/signals/sig-demo-0015,Jute mill adds batching unit in eastern region,Eastern Jute Mills has installed a new jute processing and fiber batching unit for higher production.,Eastern Jute Mills,"Chennai, Tamil Nadu",Jute Manufacturing,2026-07-01,JBO,MEDIUM
SIG-DEMO-0016,tender,Port Tender Portal,https://demo.example.com/signals/sig-demo-0016,Marine bunker fuel requirement for vessel refueling,"Tender for bunker fuel, HSD, and vessel refueling support at port operations.",Frontier Infra Projects,"Hyderabad, Telangana",Shipping,2026-07-02,MARINE_BUNKERS|HSD,CRITICAL
SIG-DEMO-0017,company_page,Company Website,https://demo.example.com/signals/sig-demo-0017,Paint manufacturer opens new resin and thinner line,"Ganga Petrochem Demo requires mineral turpentine oil, solvent 1425, paint thinner, and cleaning solvent for manufacturing.",Ganga Petrochem Demo,"Jaipur, Rajasthan",Paints,2026-07-03,MTO|SOLVENT_1425,HIGH
SIG-DEMO-0018,news,Chemical Industry RSS,https://demo.example.com/signals/sig-demo-0018,Fertilizer complex capacity expansion announced,Himalaya Minerals is expanding fertilizer production and sulfuric acid capacity with molten sulphur handling.,Himalaya Minerals,"Bengaluru, Karnataka",Fertilizers,2026-07-04,SULPHUR,HIGH
SIG-DEMO-0019,company_page,Company Website,https://demo.example.com/signals/sig-demo-0019,Polypropylene unit planned by petrochemical manufacturer,Indus Paints and Coatings disclosed a petrochemical expansion involving propylene and polymer production.,Indus Paints and Coatings,"Pune, Maharashtra",Petrochemicals,2026-07-05,PROPYLENE,HIGH
SIG-DEMO-0020,tender,State Procurement Portal,https://demo.example.com/signals/sig-demo-0020,Light diesel oil requirement for ceramic kilns,"Tender notice for LDO supply to medium speed engines, kilns, and industrial heating units.",Jai Bharat Foods,"Visakhapatnam, Andhra Pradesh",Ceramics,2026-07-06,LDO,CRITICAL
SIG-DEMO-0021,tender,GeM,https://demo.example.com/signals/sig-demo-0021,Tender for Bitumen VG-30 for highway widening package,Supply of 5500 MT bitumen for road construction and paving works near Vadodara. Bid closing within 10 days.,National Highways Authority Demo Unit,"Vadodara, Gujarat",Infrastructure,2026-07-07,BITUMEN,CRITICAL
SIG-DEMO-0022,news,Business News RSS,https://demo.example.com/signals/sig-demo-0022,Steel manufacturer announces new blast furnace capacity,"Bharat Process Industries plans a 5750 MTPA expansion with boilers, furnace operations, and captive power needs.",Bharat Process Industries,"Jamshedpur, Jharkhand",Steel,2026-07-08,FO|LSHS|HSD,HIGH
SIG-DEMO-0023,company_page,Company Website,https://demo.example.com/signals/sig-demo-0023,Edible oil plant expansion with solvent extraction line,Coromandel Demo Chemicals is commissioning a solvent extraction plant and oil mill using hexane recovery systems.,Coromandel Demo Chemicals,"Mumbai, Maharashtra",Edible Oil,2026-07-09,HEXANE,HIGH
SIG-DEMO-0024,tender,eProcure,https://demo.example.com/signals/sig-demo-0024,Supply of High Speed Diesel for mining fleet and DG sets,"Procurement requirement for 6250 KL HSD diesel for heavy vehicles, backup power, and mining operations.",Dakshin Energy Systems,"Kolkata, West Bengal",Mining,2026-07-10,HSD,CRITICAL
SIG-DEMO-0025,news,Industry RSS,https://demo.example.com/signals/sig-demo-0025,Jute mill adds batching unit in eastern region,Eastern Jute Mills has installed a new jute processing and fiber batching unit for higher production.,Eastern Jute Mills,"Chennai, Tamil Nadu",Jute Manufacturing,2026-07-11,JBO,MEDIUM
SIG-DEMO-0026,tender,Port Tender Portal,https://demo.example.com/signals/sig-demo-0026,Marine bunker fuel requirement for vessel refueling,"Tender for bunker fuel, HSD, and vessel refueling support at port operations.",Frontier Infra Projects,"Hyderabad, Telangana",Shipping,2026-07-12,MARINE_BUNKERS|HSD,CRITICAL
SIG-DEMO-0027,company_page,Company Website,https://demo.example.com/signals/sig-demo-0027,Paint manufacturer opens new resin and thinner line,"Ganga Petrochem Demo requires mineral turpentine oil, solvent 1425, paint thinner, and cleaning solvent for manufacturing.",Ganga Petrochem Demo,"Jaipur, Rajasthan",Paints,2026-07-13,MTO|SOLVENT_1425,HIGH
SIG-DEMO-0028,news,Chemical Industry RSS,https://demo.example.com/signals/sig-demo-0028,Fertilizer complex capacity expansion announced,Himalaya Minerals is expanding fertilizer production and sulfuric acid capacity with molten sulphur handling.,Himalaya Minerals,"Bengaluru, Karnataka",Fertilizers,2026-07-14,SULPHUR,HIGH
SIG-DEMO-0029,company_page,Company Website,https://demo.example.com/signals/sig-demo-0029,Polypropylene unit planned by petrochemical manufacturer,Indus Paints and Coatings disclosed a petrochemical expansion involving propylene and polymer production.,Indus Paints and Coatings,"Pune, Maharashtra",Petrochemicals,2026-07-01,PROPYLENE,HIGH
SIG-DEMO-0030,tender,State Procurement Portal,https://demo.example.com/signals/sig-demo-0030,Light diesel oil requirement for ceramic kilns,"Tender notice for LDO supply to medium speed engines, kilns, and industrial heating units.",Jai Bharat Foods,"Visakhapatnam, Andhra Pradesh",Ceramics,2026-07-02,LDO,CRITICAL
SIG-DEMO-0031,tender,GeM,https://demo.example.com/signals/sig-demo-0031,Tender for Bitumen VG-30 for highway widening package,Supply of 8000 MT bitumen for road construction and paving works near Vadodara. Bid closing within 10 days.,National Highways Authority Demo Unit,"Vadodara, Gujarat",Infrastructure,2026-07-03,BITUMEN,CRITICAL
SIG-DEMO-0032,news,Business News RSS,https://demo.example.com/signals/sig-demo-0032,Steel manufacturer announces new blast furnace capacity,"Bharat Process Industries plans a 8250 MTPA expansion with boilers, furnace operations, and captive power needs.",Bharat Process Industries,"Jamshedpur, Jharkhand",Steel,2026-07-04,FO|LSHS|HSD,HIGH
SIG-DEMO-0033,company_page,Company Website,https://demo.example.com/signals/sig-demo-0033,Edible oil plant expansion with solvent extraction line,Coromandel Demo Chemicals is commissioning a solvent extraction plant and oil mill using hexane recovery systems.,Coromandel Demo Chemicals,"Mumbai, Maharashtra",Edible Oil,2026-07-05,HEXANE,HIGH
SIG-DEMO-0034,tender,eProcure,https://demo.example.com/signals/sig-demo-0034,Supply of High Speed Diesel for mining fleet and DG sets,"Procurement requirement for 8750 KL HSD diesel for heavy vehicles, backup power, and mining operations.",Dakshin Energy Systems,"Kolkata, West Bengal",Mining,2026-07-06,HSD,CRITICAL
SIG-DEMO-0035,news,Industry RSS,https://demo.example.com/signals/sig-demo-0035,Jute mill adds batching unit in eastern region,Eastern Jute Mills has installed a new jute processing and fiber batching unit for higher production.,Eastern Jute Mills,"Chennai, Tamil Nadu",Jute Manufacturing,2026-07-07,JBO,MEDIUM
SIG-DEMO-0036,tender,Port Tender Portal,https://demo.example.com/signals/sig-demo-0036,Marine bunker fuel requirement for vessel refueling,"Tender for bunker fuel, HSD, and vessel refueling support at port operations.",Frontier Infra Projects,"Hyderabad, Telangana",Shipping,2026-07-08,MARINE_BUNKERS|HSD,CRITICAL
SIG-DEMO-0037,company_page,Company Website,https://demo.example.com/signals/sig-demo-0037,Paint manufacturer opens new resin and thinner line,"Ganga Petrochem Demo requires mineral turpentine oil, solvent 1425, paint thinner, and cleaning solvent for manufacturing.",Ganga Petrochem Demo,"Jaipur, Rajasthan",Paints,2026-07-09,MTO|SOLVENT_1425,HIGH
SIG-DEMO-0038,news,Chemical Industry RSS,https://demo.example.com/signals/sig-demo-0038,Fertilizer complex capacity expansion announced,Himalaya Minerals is expanding fertilizer production and sulfuric acid capacity with molten sulphur handling.,Himalaya Minerals,"Bengaluru, Karnataka",Fertilizers,2026-07-10,SULPHUR,HIGH
SIG-DEMO-0039,company_page,Company Website,https://demo.example.com/signals/sig-demo-0039,Polypropylene unit planned by petrochemical manufacturer,Indus Paints and Coatings disclosed a petrochemical expansion involving propylene and polymer production.,Indus Paints and Coatings,"Pune, Maharashtra",Petrochemicals,2026-07-11,PROPYLENE,HIGH
SIG-DEMO-0040,tender,State Procurement Portal,https://demo.example.com/signals/sig-demo-0040,Light diesel oil requirement for ceramic kilns,"Tender notice for LDO supply to medium speed engines, kilns, and industrial heating units.",Jai Bharat Foods,"Visakhapatnam, Andhra Pradesh",Ceramics,2026-07-12,LDO,CRITICAL
SIG-DEMO-0041,tender,GeM,https://demo.example.com/signals/sig-demo-0041,Tender for Bitumen VG-30 for highway widening package,Supply of 500 MT bitumen for road construction and paving works near Vadodara. Bid closing within 10 days.,National Highways Authority Demo Unit,"Vadodara, Gujarat",Infrastructure,2026-07-13,BITUMEN,CRITICAL
SIG-DEMO-0042,news,Business News RSS,https://demo.example.com/signals/sig-demo-0042,Steel manufacturer announces new blast furnace capacity,"Bharat Process Industries plans a 750 MTPA expansion with boilers, furnace operations, and captive power needs.",Bharat Process Industries,"Jamshedpur, Jharkhand",Steel,2026-07-14,FO|LSHS|HSD,HIGH
SIG-DEMO-0043,company_page,Company Website,https://demo.example.com/signals/sig-demo-0043,Edible oil plant expansion with solvent extraction line,Coromandel Demo Chemicals is commissioning a solvent extraction plant and oil mill using hexane recovery systems.,Coromandel Demo Chemicals,"Mumbai, Maharashtra",Edible Oil,2026-07-01,HEXANE,HIGH
SIG-DEMO-0044,tender,eProcure,https://demo.example.com/signals/sig-demo-0044,Supply of High Speed Diesel for mining fleet and DG sets,"Procurement requirement for 1250 KL HSD diesel for heavy vehicles, backup power, and mining operations.",Dakshin Energy Systems,"Kolkata, West Bengal",Mining,2026-07-02,HSD,CRITICAL
SIG-DEMO-0045,news,Industry RSS,https://demo.example.com/signals/sig-demo-0045,Jute mill adds batching unit in eastern region,Eastern Jute Mills has installed a new jute processing and fiber batching unit for higher production.,Eastern Jute Mills,"Chennai, Tamil Nadu",Jute Manufacturing,2026-07-03,JBO,MEDIUM
SIG-DEMO-0046,tender,Port Tender Portal,https://demo.example.com/signals/sig-demo-0046,Marine bunker fuel requirement for vessel refueling,"Tender for bunker fuel, HSD, and vessel refueling support at port operations.",Frontier Infra Projects,"Hyderabad, Telangana",Shipping,2026-07-04,MARINE_BUNKERS|HSD,CRITICAL
SIG-DEMO-0047,company_page,Company Website,https://demo.example.com/signals/sig-demo-0047,Paint manufacturer opens new resin and thinner line,"Ganga Petrochem Demo requires mineral turpentine oil, solvent 1425, paint thinner, and cleaning solvent for manufacturing.",Ganga Petrochem Demo,"Jaipur, Rajasthan",Paints,2026-07-05,MTO|SOLVENT_1425,HIGH
SIG-DEMO-0048,news,Chemical Industry RSS,https://demo.example.com/signals/sig-demo-0048,Fertilizer complex capacity expansion announced,Himalaya Minerals is expanding fertilizer production and sulfuric acid capacity with molten sulphur handling.,Himalaya Minerals,"Bengaluru, Karnataka",Fertilizers,2026-07-06,SULPHUR,HIGH
SIG-DEMO-0049,company_page,Company Website,https://demo.example.com/signals/sig-demo-0049,Polypropylene unit planned by petrochemical manufacturer,Indus Paints and Coatings disclosed a petrochemical expansion involving propylene and polymer production.,Indus Paints and Coatings,"Pune, Maharashtra",Petrochemicals,2026-07-07,PROPYLENE,HIGH
SIG-DEMO-0050,tender,State Procurement Portal,https://demo.example.com/signals/sig-demo-0050,Light diesel oil requirement for ceramic kilns,"Tender notice for LDO supply to medium speed engines, kilns, and industrial heating units.",Jai Bharat Foods,"Visakhapatnam, Andhra Pradesh",Ceramics,2026-07-08,LDO,CRITICAL
SIG-DEMO-0051,tender,GeM,https://demo.example.com/signals/sig-demo-0051,Tender for Bitumen VG-30 for highway widening package,Supply of 3000 MT bitumen for road construction and paving works near Vadodara. Bid closing within 10 days.,National Highways Authority Demo Unit,"Vadodara, Gujarat",Infrastructure,2026-07-09,BITUMEN,CRITICAL
SIG-DEMO-0052,news,Business News RSS,https://demo.example.com/signals/sig-demo-0052,Steel manufacturer announces new blast furnace capacity,"Bharat Process Industries plans a 3250 MTPA expansion with boilers, furnace operations, and captive power needs.",Bharat Process Industries,"Jamshedpur, Jharkhand",Steel,2026-07-10,FO|LSHS|HSD,HIGH
SIG-DEMO-0053,company_page,Company Website,https://demo.example.com/signals/sig-demo-0053,Edible oil plant expansion with solvent extraction line,Coromandel Demo Chemicals is commissioning a solvent extraction plant and oil mill using hexane recovery systems.,Coromandel Demo Chemicals,"Mumbai, Maharashtra",Edible Oil,2026-07-11,HEXANE,HIGH
SIG-DEMO-0054,tender,eProcure,https://demo.example.com/signals/sig-demo-0054,Supply of High Speed Diesel for mining fleet and DG sets,"Procurement requirement for 3750 KL HSD diesel for heavy vehicles, backup power, and mining operations.",Dakshin Energy Systems,"Kolkata, West Bengal",Mining,2026-07-12,HSD,CRITICAL
SIG-DEMO-0055,news,Industry RSS,https://demo.example.com/signals/sig-demo-0055,Jute mill adds batching unit in eastern region,Eastern Jute Mills has installed a new jute processing and fiber batching unit for higher production.,Eastern Jute Mills,"Chennai, Tamil Nadu",Jute Manufacturing,2026-07-13,JBO,MEDIUM
SIG-DEMO-0056,tender,Port Tender Portal,https://demo.example.com/signals/sig-demo-0056,Marine bunker fuel requirement for vessel refueling,"Tender for bunker fuel, HSD, and vessel refueling support at port operations.",Frontier Infra Projects,"Hyderabad, Telangana",Shipping,2026-07-14,MARINE_BUNKERS|HSD,CRITICAL
SIG-DEMO-0057,company_page,Company Website,https://demo.example.com/signals/sig-demo-0057,Paint manufacturer opens new resin and thinner line,"Ganga Petrochem Demo requires mineral turpentine oil, solvent 1425, paint thinner, and cleaning solvent for manufacturing.",Ganga Petrochem Demo,"Jaipur, Rajasthan",Paints,2026-07-01,MTO|SOLVENT_1425,HIGH
SIG-DEMO-0058,news,Chemical Industry RSS,https://demo.example.com/signals/sig-demo-0058,Fertilizer complex capacity expansion announced,Himalaya Minerals is expanding fertilizer production and sulfuric acid capacity with molten sulphur handling.,Himalaya Minerals,"Bengaluru, Karnataka",Fertilizers,2026-07-02,SULPHUR,HIGH
SIG-DEMO-0059,company_page,Company Website,https://demo.example.com/signals/sig-demo-0059,Polypropylene unit planned by petrochemical manufacturer,Indus Paints and Coatings disclosed a petrochemical expansion involving propylene and polymer production.,Indus Paints and Coatings,"Pune, Maharashtra",Petrochemicals,2026-07-03,PROPYLENE,HIGH
SIG-DEMO-0060,tender,State Procurement Portal,https://demo.example.com/signals/sig-demo-0060,Light diesel oil requirement for ceramic kilns,"Tender notice for LDO supply to medium speed engines, kilns, and industrial heating units.",Jai Bharat Foods,"Visakhapatnam, Andhra Pradesh",Ceramics,2026-07-04,LDO,CRITICAL
SIG-DEMO-0061,tender,GeM,https://demo.example.com/signals/sig-demo-0061,Tender for Bitumen VG-30 for highway widening package,Supply of 5500 MT bitumen for road construction and paving works near Vadodara. Bid closing within 10 days.,National Highways Authority Demo Unit,"Vadodara, Gujarat",Infrastructure,2026-07-05,BITUMEN,CRITICAL
SIG-DEMO-0062,news,Business News RSS,https://demo.example.com/signals/sig-demo-0062,Steel manufacturer announces new blast furnace capacity,"Bharat Process Industries plans a 5750 MTPA expansion with boilers, furnace operations, and captive power needs.",Bharat Process Industries,"Jamshedpur, Jharkhand",Steel,2026-07-06,FO|LSHS|HSD,HIGH
SIG-DEMO-0063,company_page,Company Website,https://demo.example.com/signals/sig-demo-0063,Edible oil plant expansion with solvent extraction line,Coromandel Demo Chemicals is commissioning a solvent extraction plant and oil mill using hexane recovery systems.,Coromandel Demo Chemicals,"Mumbai, Maharashtra",Edible Oil,2026-07-07,HEXANE,HIGH
SIG-DEMO-0064,tender,eProcure,https://demo.example.com/signals/sig-demo-0064,Supply of High Speed Diesel for mining fleet and DG sets,"Procurement requirement for 6250 KL HSD diesel for heavy vehicles, backup power, and mining operations.",Dakshin Energy Systems,"Kolkata, West Bengal",Mining,2026-07-08,HSD,CRITICAL
SIG-DEMO-0065,news,Industry RSS,https://demo.example.com/signals/sig-demo-0065,Jute mill adds batching unit in eastern region,Eastern Jute Mills has installed a new jute processing and fiber batching unit for higher production.,Eastern Jute Mills,"Chennai, Tamil Nadu",Jute Manufacturing,2026-07-09,JBO,MEDIUM
SIG-DEMO-0066,tender,Port Tender Portal,https://demo.example.com/signals/sig-demo-0066,Marine bunker fuel requirement for vessel refueling,"Tender for bunker fuel, HSD, and vessel refueling support at port operations.",Frontier Infra Projects,"Hyderabad, Telangana",Shipping,2026-07-10,MARINE_BUNKERS|HSD,CRITICAL
SIG-DEMO-0067,company_page,Company Website,https://demo.example.com/signals/sig-demo-0067,Paint manufacturer opens new resin and thinner line,"Ganga Petrochem Demo requires mineral turpentine oil, solvent 1425, paint thinner, and cleaning solvent for manufacturing.",Ganga Petrochem Demo,"Jaipur, Rajasthan",Paints,2026-07-11,MTO|SOLVENT_1425,HIGH
SIG-DEMO-0068,news,Chemical Industry RSS,https://demo.example.com/signals/sig-demo-0068,Fertilizer complex capacity expansion announced,Himalaya Minerals is expanding fertilizer production and sulfuric acid capacity with molten sulphur handling.,Himalaya Minerals,"Bengaluru, Karnataka",Fertilizers,2026-07-12,SULPHUR,HIGH
SIG-DEMO-0069,company_page,Company Website,https://demo.example.com/signals/sig-demo-0069,Polypropylene unit planned by petrochemical manufacturer,Indus Paints and Coatings disclosed a petrochemical expansion involving propylene and polymer production.,Indus Paints and Coatings,"Pune, Maharashtra",Petrochemicals,2026-07-13,PROPYLENE,HIGH
SIG-DEMO-0070,tender,State Procurement Portal,https://demo.example.com/signals/sig-demo-0070,Light diesel oil requirement for ceramic kilns,"Tender notice for LDO supply to medium speed engines, kilns, and industrial heating units.",Jai Bharat Foods,"Visakhapatnam, Andhra Pradesh",Ceramics,2026-07-14,LDO,CRITICAL
SIG-DEMO-0071,tender,GeM,https://demo.example.com/signals/sig-demo-0071,Tender for Bitumen VG-30 for highway widening package,Supply of 8000 MT bitumen for road construction and paving works near Vadodara. Bid closing within 10 days.,National Highways Authority Demo Unit,"Vadodara, Gujarat",Infrastructure,2026-07-01,BITUMEN,CRITICAL
SIG-DEMO-0072,news,Business News RSS,https://demo.example.com/signals/sig-demo-0072,Steel manufacturer announces new blast furnace capacity,"Bharat Process Industries plans a 8250 MTPA expansion with boilers, furnace operations, and captive power needs.",Bharat Process Industries,"Jamshedpur, Jharkhand",Steel,2026-07-02,FO|LSHS|HSD,HIGH
SIG-DEMO-0073,company_page,Company Website,https://demo.example.com/signals/sig-demo-0073,Edible oil plant expansion with solvent extraction line,Coromandel Demo Chemicals is commissioning a solvent extraction plant and oil mill using hexane recovery systems.,Coromandel Demo Chemicals,"Mumbai, Maharashtra",Edible Oil,2026-07-03,HEXANE,HIGH
SIG-DEMO-0074,tender,eProcure,https://demo.example.com/signals/sig-demo-0074,Supply of High Speed Diesel for mining fleet and DG sets,"Procurement requirement for 8750 KL HSD diesel for heavy vehicles, backup power, and mining operations.",Dakshin Energy Systems,"Kolkata, West Bengal",Mining,2026-07-04,HSD,CRITICAL
SIG-DEMO-0075,news,Industry RSS,https://demo.example.com/signals/sig-demo-0075,Jute mill adds batching unit in eastern region,Eastern Jute Mills has installed a new jute processing and fiber batching unit for higher production.,Eastern Jute Mills,"Chennai, Tamil Nadu",Jute Manufacturing,2026-07-05,JBO,MEDIUM
SIG-DEMO-0076,tender,Port Tender Portal,https://demo.example.com/signals/sig-demo-0076,Marine bunker fuel requirement for vessel refueling,"Tender for bunker fuel, HSD, and vessel refueling support at port operations.",Frontier Infra Projects,"Hyderabad, Telangana",Shipping,2026-07-06,MARINE_BUNKERS|HSD,CRITICAL
SIG-DEMO-0077,company_page,Company Website,https://demo.example.com/signals/sig-demo-0077,Paint manufacturer opens new resin and thinner line,"Ganga Petrochem Demo requires mineral turpentine oil, solvent 1425, paint thinner, and cleaning solvent for manufacturing.",Ganga Petrochem Demo,"Jaipur, Rajasthan",Paints,2026-07-07,MTO|SOLVENT_1425,HIGH
SIG-DEMO-0078,news,Chemical Industry RSS,https://demo.example.com/signals/sig-demo-0078,Fertilizer complex capacity expansion announced,Himalaya Minerals is expanding fertilizer production and sulfuric acid capacity with molten sulphur handling.,Himalaya Minerals,"Bengaluru, Karnataka",Fertilizers,2026-07-08,SULPHUR,HIGH
SIG-DEMO-0079,company_page,Company Website,https://demo.example.com/signals/sig-demo-0079,Polypropylene unit planned by petrochemical manufacturer,Indus Paints and Coatings disclosed a petrochemical expansion involving propylene and polymer production.,Indus Paints and Coatings,"Pune, Maharashtra",Petrochemicals,2026-07-09,PROPYLENE,HIGH
SIG-DEMO-0080,tender,State Procurement Portal,https://demo.example.com/signals/sig-demo-0080,Light diesel oil requirement for ceramic kilns,"Tender notice for LDO supply to medium speed engines, kilns, and industrial heating units.",Jai Bharat Foods,"Visakhapatnam, Andhra Pradesh",Ceramics,2026-07-10,LDO,CRITICAL
SIG-DEMO-0081,tender,GeM,https://demo.example.com/signals/sig-demo-0081,Tender for Bitumen VG-30 for highway widening package,Supply of 500 MT bitumen for road construction and paving works near Vadodara. Bid closing within 10 days.,National Highways Authority Demo Unit,"Vadodara, Gujarat",Infrastructure,2026-07-11,BITUMEN,CRITICAL
SIG-DEMO-0082,news,Business News RSS,https://demo.example.com/signals/sig-demo-0082,Steel manufacturer announces new blast furnace capacity,"Bharat Process Industries plans a 750 MTPA expansion with boilers, furnace operations, and captive power needs.",Bharat Process Industries,"Jamshedpur, Jharkhand",Steel,2026-07-12,FO|LSHS|HSD,HIGH
SIG-DEMO-0083,company_page,Company Website,https://demo.example.com/signals/sig-demo-0083,Edible oil plant expansion with solvent extraction line,Coromandel Demo Chemicals is commissioning a solvent extraction plant and oil mill using hexane recovery systems.,Coromandel Demo Chemicals,"Mumbai, Maharashtra",Edible Oil,2026-07-13,HEXANE,HIGH
SIG-DEMO-0084,tender,eProcure,https://demo.example.com/signals/sig-demo-0084,Supply of High Speed Diesel for mining fleet and DG sets,"Procurement requirement for 1250 KL HSD diesel for heavy vehicles, backup power, and mining operations.",Dakshin Energy Systems,"Kolkata, West Bengal",Mining,2026-07-14,HSD,CRITICAL
SIG-DEMO-0085,news,Industry RSS,https://demo.example.com/signals/sig-demo-0085,Jute mill adds batching unit in eastern region,Eastern Jute Mills has installed a new jute processing and fiber batching unit for higher production.,Eastern Jute Mills,"Chennai, Tamil Nadu",Jute Manufacturing,2026-07-01,JBO,MEDIUM
SIG-DEMO-0086,tender,Port Tender Portal,https://demo.example.com/signals/sig-demo-0086,Marine bunker fuel requirement for vessel refueling,"Tender for bunker fuel, HSD, and vessel refueling support at port operations.",Frontier Infra Projects,"Hyderabad, Telangana",Shipping,2026-07-02,MARINE_BUNKERS|HSD,CRITICAL
SIG-DEMO-0087,company_page,Company Website,https://demo.example.com/signals/sig-demo-0087,Paint manufacturer opens new resin and thinner line,"Ganga Petrochem Demo requires mineral turpentine oil, solvent 1425, paint thinner, and cleaning solvent for manufacturing.",Ganga Petrochem Demo,"Jaipur, Rajasthan",Paints,2026-07-03,MTO|SOLVENT_1425,HIGH
SIG-DEMO-0088,news,Chemical Industry RSS,https://demo.example.com/signals/sig-demo-0088,Fertilizer complex capacity expansion announced,Himalaya Minerals is expanding fertilizer production and sulfuric acid capacity with molten sulphur handling.,Himalaya Minerals,"Bengaluru, Karnataka",Fertilizers,2026-07-04,SULPHUR,HIGH
SIG-DEMO-0089,company_page,Company Website,https://demo.example.com/signals/sig-demo-0089,Polypropylene unit planned by petrochemical manufacturer,Indus Paints and Coatings disclosed a petrochemical expansion involving propylene and polymer production.,Indus Paints and Coatings,"Pune, Maharashtra",Petrochemicals,2026-07-05,PROPYLENE,HIGH
SIG-DEMO-0090,tender,State Procurement Portal,https://demo.example.com/signals/sig-demo-0090,Light diesel oil requirement for ceramic kilns,"Tender notice for LDO supply to medium speed engines, kilns, and industrial heating units.",Jai Bharat Foods,"Visakhapatnam, Andhra Pradesh",Ceramics,2026-07-06,LDO,CRITICAL
SIG-DEMO-0091,tender,GeM,https://demo.example.com/signals/sig-demo-0091,Tender for Bitumen VG-30 for highway widening package,Supply of 3000 MT bitumen for road construction and paving works near Vadodara. Bid closing within 10 days.,National Highways Authority Demo Unit,"Vadodara, Gujarat",Infrastructure,2026-07-07,BITUMEN,CRITICAL
SIG-DEMO-0092,news,Business News RSS,https://demo.example.com/signals/sig-demo-0092,Steel manufacturer announces new blast furnace capacity,"Bharat Process Industries plans a 3250 MTPA expansion with boilers, furnace operations, and captive power needs.",Bharat Process Industries,"Jamshedpur, Jharkhand",Steel,2026-07-08,FO|LSHS|HSD,HIGH
SIG-DEMO-0093,company_page,Company Website,https://demo.example.com/signals/sig-demo-0093,Edible oil plant expansion with solvent extraction line,Coromandel Demo Chemicals is commissioning a solvent extraction plant and oil mill using hexane recovery systems.,Coromandel Demo Chemicals,"Mumbai, Maharashtra",Edible Oil,2026-07-09,HEXANE,HIGH
SIG-DEMO-0094,tender,eProcure,https://demo.example.com/signals/sig-demo-0094,Supply of High Speed Diesel for mining fleet and DG sets,"Procurement requirement for 3750 KL HSD diesel for heavy vehicles, backup power, and mining operations.",Dakshin Energy Systems,"Kolkata, West Bengal",Mining,2026-07-10,HSD,CRITICAL
SIG-DEMO-0095,news,Industry RSS,https://demo.example.com/signals/sig-demo-0095,Jute mill adds batching unit in eastern region,Eastern Jute Mills has installed a new jute processing and fiber batching unit for higher production.,Eastern Jute Mills,"Chennai, Tamil Nadu",Jute Manufacturing,2026-07-11,JBO,MEDIUM
SIG-DEMO-0096,tender,Port Tender Portal,https://demo.example.com/signals/sig-demo-0096,Marine bunker fuel requirement for vessel refueling,"Tender for bunker fuel, HSD, and vessel refueling support at port operations.",Frontier Infra Projects,"Hyderabad, Telangana",Shipping,2026-07-12,MARINE_BUNKERS|HSD,CRITICAL
SIG-DEMO-0097,company_page,Company Website,https://demo.example.com/signals/sig-demo-0097,Paint manufacturer opens new resin and thinner line,"Ganga Petrochem Demo requires mineral turpentine oil, solvent 1425, paint thinner, and cleaning solvent for manufacturing.",Ganga Petrochem Demo,"Jaipur, Rajasthan",Paints,2026-07-13,MTO|SOLVENT_1425,HIGH
SIG-DEMO-0098,news,Chemical Industry RSS,https://demo.example.com/signals/sig-demo-0098,Fertilizer complex capacity expansion announced,Himalaya Minerals is expanding fertilizer production and sulfuric acid capacity with molten sulphur handling.,Himalaya Minerals,"Bengaluru, Karnataka",Fertilizers,2026-07-14,SULPHUR,HIGH
SIG-DEMO-0099,company_page,Company Website,https://demo.example.com/signals/sig-demo-0099,Polypropylene unit planned by petrochemical manufacturer,Indus Paints and Coatings disclosed a petrochemical expansion involving propylene and polymer production.,Indus Paints and Coatings,"Pune, Maharashtra",Petrochemicals,2026-07-01,PROPYLENE,HIGH
SIG-DEMO-0100,tender,State Procurement Portal,https://demo.example.com/signals/sig-demo-0100,Light diesel oil requirement for ceramic kilns,"Tender notice for LDO supply to medium speed engines, kilns, and industrial heating units.",Jai Bharat Foods,"Visakhapatnam, Andhra Pradesh",Ceramics,2026-07-02,LDO,CRITICAL
SIG-DEMO-0101,tender,GeM,https://demo.example.com/signals/sig-demo-0101,Tender for Bitumen VG-30 for highway widening package,Supply of 5500 MT bitumen for road construction and paving works near Vadodara. Bid closing within 10 days.,National Highways Authority Demo Unit,"Vadodara, Gujarat",Infrastructure,2026-07-03,BITUMEN,CRITICAL
SIG-DEMO-0102,news,Business News RSS,https://demo.example.com/signals/sig-demo-0102,Steel manufacturer announces new blast furnace capacity,"Bharat Process Industries plans a 5750 MTPA expansion with boilers, furnace operations, and captive power needs.",Bharat Process Industries,"Jamshedpur, Jharkhand",Steel,2026-07-04,FO|LSHS|HSD,HIGH
SIG-DEMO-0103,company_page,Company Website,https://demo.example.com/signals/sig-demo-0103,Edible oil plant expansion with solvent extraction line,Coromandel Demo Chemicals is commissioning a solvent extraction plant and oil mill using hexane recovery systems.,Coromandel Demo Chemicals,"Mumbai, Maharashtra",Edible Oil,2026-07-05,HEXANE,HIGH
SIG-DEMO-0104,tender,eProcure,https://demo.example.com/signals/sig-demo-0104,Supply of High Speed Diesel for mining fleet and DG sets,"Procurement requirement for 6250 KL HSD diesel for heavy vehicles, backup power, and mining operations.",Dakshin Energy Systems,"Kolkata, West Bengal",Mining,2026-07-06,HSD,CRITICAL
SIG-DEMO-0105,news,Industry RSS,https://demo.example.com/signals/sig-demo-0105,Jute mill adds batching unit in eastern region,Eastern Jute Mills has installed a new jute processing and fiber batching unit for higher production.,Eastern Jute Mills,"Chennai, Tamil Nadu",Jute Manufacturing,2026-07-07,JBO,MEDIUM
SIG-DEMO-0106,tender,Port Tender Portal,https://demo.example.com/signals/sig-demo-0106,Marine bunker fuel requirement for vessel refueling,"Tender for bunker fuel, HSD, and vessel refueling support at port operations.",Frontier Infra Projects,"Hyderabad, Telangana",Shipping,2026-07-08,MARINE_BUNKERS|HSD,CRITICAL
SIG-DEMO-0107,company_page,Company Website,https://demo.example.com/signals/sig-demo-0107,Paint manufacturer opens new resin and thinner line,"Ganga Petrochem Demo requires mineral turpentine oil, solvent 1425, paint thinner, and cleaning solvent for manufacturing.",Ganga Petrochem Demo,"Jaipur, Rajasthan",Paints,2026-07-09,MTO|SOLVENT_1425,HIGH
SIG-DEMO-0108,news,Chemical Industry RSS,https://demo.example.com/signals/sig-demo-0108,Fertilizer complex capacity expansion announced,Himalaya Minerals is expanding fertilizer production and sulfuric acid capacity with molten sulphur handling.,Himalaya Minerals,"Bengaluru, Karnataka",Fertilizers,2026-07-10,SULPHUR,HIGH
SIG-DEMO-0109,company_page,Company Website,https://demo.example.com/signals/sig-demo-0109,Polypropylene unit planned by petrochemical manufacturer,Indus Paints and Coatings disclosed a petrochemical expansion involving propylene and polymer production.,Indus Paints and Coatings,"Pune, Maharashtra",Petrochemicals,2026-07-11,PROPYLENE,HIGH
SIG-DEMO-0110,tender,State Procurement Portal,https://demo.example.com/signals/sig-demo-0110,Light diesel oil requirement for ceramic kilns,"Tender notice for LDO supply to medium speed engines, kilns, and industrial heating units.",Jai Bharat Foods,"Visakhapatnam, Andhra Pradesh",Ceramics,2026-07-12,LDO,CRITICAL
SIG-DEMO-0111,tender,GeM,https://demo.example.com/signals/sig-demo-0111,Tender for Bitumen VG-30 for highway widening package,Supply of 8000 MT bitumen for road construction and paving works near Vadodara. Bid closing within 10 days.,National Highways Authority Demo Unit,"Vadodara, Gujarat",Infrastructure,2026-07-13,BITUMEN,CRITICAL
SIG-DEMO-0112,news,Business News RSS,https://demo.example.com/signals/sig-demo-0112,Steel manufacturer announces new blast furnace capacity,"Bharat Process Industries plans a 8250 MTPA expansion with boilers, furnace operations, and captive power needs.",Bharat Process Industries,"Jamshedpur, Jharkhand",Steel,2026-07-14,FO|LSHS|HSD,HIGH
SIG-DEMO-0113,company_page,Company Website,https://demo.example.com/signals/sig-demo-0113,Edible oil plant expansion with solvent extraction line,Coromandel Demo Chemicals is commissioning a solvent extraction plant and oil mill using hexane recovery systems.,Coromandel Demo Chemicals,"Mumbai, Maharashtra",Edible Oil,2026-07-01,HEXANE,HIGH
SIG-DEMO-0114,tender,eProcure,https://demo.example.com/signals/sig-demo-0114,Supply of High Speed Diesel for mining fleet and DG sets,"Procurement requirement for 8750 KL HSD diesel for heavy vehicles, backup power, and mining operations.",Dakshin Energy Systems,"Kolkata, West Bengal",Mining,2026-07-02,HSD,CRITICAL
SIG-DEMO-0115,news,Industry RSS,https://demo.example.com/signals/sig-demo-0115,Jute mill adds batching unit in eastern region,Eastern Jute Mills has installed a new jute processing and fiber batching unit for higher production.,Eastern Jute Mills,"Chennai, Tamil Nadu",Jute Manufacturing,2026-07-03,JBO,MEDIUM
SIG-DEMO-0116,tender,Port Tender Portal,https://demo.example.com/signals/sig-demo-0116,Marine bunker fuel requirement for vessel refueling,"Tender for bunker fuel, HSD, and vessel refueling support at port operations.",Frontier Infra Projects,"Hyderabad, Telangana",Shipping,2026-07-04,MARINE_BUNKERS|HSD,CRITICAL
SIG-DEMO-0117,company_page,Company Website,https://demo.example.com/signals/sig-demo-0117,Paint manufacturer opens new resin and thinner line,"Ganga Petrochem Demo requires mineral turpentine oil, solvent 1425, paint thinner, and cleaning solvent for manufacturing.",Ganga Petrochem Demo,"Jaipur, Rajasthan",Paints,2026-07-05,MTO|SOLVENT_1425,HIGH
SIG-DEMO-0118,news,Chemical Industry RSS,https://demo.example.com/signals/sig-demo-0118,Fertilizer complex capacity expansion announced,Himalaya Minerals is expanding fertilizer production and sulfuric acid capacity with molten sulphur handling.,Himalaya Minerals,"Bengaluru, Karnataka",Fertilizers,2026-07-06,SULPHUR,HIGH
SIG-DEMO-0119,company_page,Company Website,https://demo.example.com/signals/sig-demo-0119,Polypropylene unit planned by petrochemical manufacturer,Indus Paints and Coatings disclosed a petrochemical expansion involving propylene and polymer production.,Indus Paints and Coatings,"Pune, Maharashtra",Petrochemicals,2026-07-07,PROPYLENE,HIGH
SIG-DEMO-0120,tender,State Procurement Portal,https://demo.example.com/signals/sig-demo-0120,Light diesel oil requirement for ceramic kilns,"Tender notice for LDO supply to medium speed engines, kilns, and industrial heating units.",Jai Bharat Foods,"Visakhapatnam, Andhra Pradesh",Ceramics,2026-07-08,LDO,CRITICAL
SIG-DEMO-0121,tender,GeM,https://demo.example.com/signals/sig-demo-0121,Tender for Bitumen VG-30 for highway widening package,Supply of 500 MT bitumen for road construction and paving works near Vadodara. Bid closing within 10 days.,National Highways Authority Demo Unit,"Vadodara, Gujarat",Infrastructure,2026-07-09,BITUMEN,CRITICAL
SIG-DEMO-0122,news,Business News RSS,https://demo.example.com/signals/sig-demo-0122,Steel manufacturer announces new blast furnace capacity,"Bharat Process Industries plans a 750 MTPA expansion with boilers, furnace operations, and captive power needs.",Bharat Process Industries,"Jamshedpur, Jharkhand",Steel,2026-07-10,FO|LSHS|HSD,HIGH
SIG-DEMO-0123,company_page,Company Website,https://demo.example.com/signals/sig-demo-0123,Edible oil plant expansion with solvent extraction line,Coromandel Demo Chemicals is commissioning a solvent extraction plant and oil mill using hexane recovery systems.,Coromandel Demo Chemicals,"Mumbai, Maharashtra",Edible Oil,2026-07-11,HEXANE,HIGH
SIG-DEMO-0124,tender,eProcure,https://demo.example.com/signals/sig-demo-0124,Supply of High Speed Diesel for mining fleet and DG sets,"Procurement requirement for 1250 KL HSD diesel for heavy vehicles, backup power, and mining operations.",Dakshin Energy Systems,"Kolkata, West Bengal",Mining,2026-07-12,HSD,CRITICAL
SIG-DEMO-0125,news,Industry RSS,https://demo.example.com/signals/sig-demo-0125,Jute mill adds batching unit in eastern region,Eastern Jute Mills has installed a new jute processing and fiber batching unit for higher production.,Eastern Jute Mills,"Chennai, Tamil Nadu",Jute Manufacturing,2026-07-13,JBO,MEDIUM
SIG-DEMO-0126,tender,Port Tender Portal,https://demo.example.com/signals/sig-demo-0126,Marine bunker fuel requirement for vessel refueling,"Tender for bunker fuel, HSD, and vessel refueling support at port operations.",Frontier Infra Projects,"Hyderabad, Telangana",Shipping,2026-07-14,MARINE_BUNKERS|HSD,CRITICAL
SIG-DEMO-0127,company_page,Company Website,https://demo.example.com/signals/sig-demo-0127,Paint manufacturer opens new resin and thinner line,"Ganga Petrochem Demo requires mineral turpentine oil, solvent 1425, paint thinner, and cleaning solvent for manufacturing.",Ganga Petrochem Demo,"Jaipur, Rajasthan",Paints,2026-07-01,MTO|SOLVENT_1425,HIGH
SIG-DEMO-0128,news,Chemical Industry RSS,https://demo.example.com/signals/sig-demo-0128,Fertilizer complex capacity expansion announced,Himalaya Minerals is expanding fertilizer production and sulfuric acid capacity with molten sulphur handling.,Himalaya Minerals,"Bengaluru, Karnataka",Fertilizers,2026-07-02,SULPHUR,HIGH
SIG-DEMO-0129,company_page,Company Website,https://demo.example.com/signals/sig-demo-0129,Polypropylene unit planned by petrochemical manufacturer,Indus Paints and Coatings disclosed a petrochemical expansion involving propylene and polymer production.,Indus Paints and Coatings,"Pune, Maharashtra",Petrochemicals,2026-07-03,PROPYLENE,HIGH
SIG-DEMO-0130,tender,State Procurement Portal,https://demo.example.com/signals/sig-demo-0130,Light diesel oil requirement for ceramic kilns,"Tender notice for LDO supply to medium speed engines, kilns, and industrial heating units.",Jai Bharat Foods,"Visakhapatnam, Andhra Pradesh",Ceramics,2026-07-04,LDO,CRITICAL
SIG-DEMO-0131,tender,GeM,https://demo.example.com/signals/sig-demo-0131,Tender for Bitumen VG-30 for highway widening package,Supply of 3000 MT bitumen for road construction and paving works near Vadodara. Bid closing within 10 days.,National Highways Authority Demo Unit,"Vadodara, Gujarat",Infrastructure,2026-07-05,BITUMEN,CRITICAL
SIG-DEMO-0132,news,Business News RSS,https://demo.example.com/signals/sig-demo-0132,Steel manufacturer announces new blast furnace capacity,"Bharat Process Industries plans a 3250 MTPA expansion with boilers, furnace operations, and captive power needs.",Bharat Process Industries,"Jamshedpur, Jharkhand",Steel,2026-07-06,FO|LSHS|HSD,HIGH
SIG-DEMO-0133,company_page,Company Website,https://demo.example.com/signals/sig-demo-0133,Edible oil plant expansion with solvent extraction line,Coromandel Demo Chemicals is commissioning a solvent extraction plant and oil mill using hexane recovery systems.,Coromandel Demo Chemicals,"Mumbai, Maharashtra",Edible Oil,2026-07-07,HEXANE,HIGH
SIG-DEMO-0134,tender,eProcure,https://demo.example.com/signals/sig-demo-0134,Supply of High Speed Diesel for mining fleet and DG sets,"Procurement requirement for 3750 KL HSD diesel for heavy vehicles, backup power, and mining operations.",Dakshin Energy Systems,"Kolkata, West Bengal",Mining,2026-07-08,HSD,CRITICAL
SIG-DEMO-0135,news,Industry RSS,https://demo.example.com/signals/sig-demo-0135,Jute mill adds batching unit in eastern region,Eastern Jute Mills has installed a new jute processing and fiber batching unit for higher production.,Eastern Jute Mills,"Chennai, Tamil Nadu",Jute Manufacturing,2026-07-09,JBO,MEDIUM
SIG-DEMO-0136,tender,Port Tender Portal,https://demo.example.com/signals/sig-demo-0136,Marine bunker fuel requirement for vessel refueling,"Tender for bunker fuel, HSD, and vessel refueling support at port operations.",Frontier Infra Projects,"Hyderabad, Telangana",Shipping,2026-07-10,MARINE_BUNKERS|HSD,CRITICAL
SIG-DEMO-0137,company_page,Company Website,https://demo.example.com/signals/sig-demo-0137,Paint manufacturer opens new resin and thinner line,"Ganga Petrochem Demo requires mineral turpentine oil, solvent 1425, paint thinner, and cleaning solvent for manufacturing.",Ganga Petrochem Demo,"Jaipur, Rajasthan",Paints,2026-07-11,MTO|SOLVENT_1425,HIGH
SIG-DEMO-0138,news,Chemical Industry RSS,https://demo.example.com/signals/sig-demo-0138,Fertilizer complex capacity expansion announced,Himalaya Minerals is expanding fertilizer production and sulfuric acid capacity with molten sulphur handling.,Himalaya Minerals,"Bengaluru, Karnataka",Fertilizers,2026-07-12,SULPHUR,HIGH
SIG-DEMO-0139,company_page,Company Website,https://demo.example.com/signals/sig-demo-0139,Polypropylene unit planned by petrochemical manufacturer,Indus Paints and Coatings disclosed a petrochemical expansion involving propylene and polymer production.,Indus Paints and Coatings,"Pune, Maharashtra",Petrochemicals,2026-07-13,PROPYLENE,HIGH
SIG-DEMO-0140,tender,State Procurement Portal,https://demo.example.com/signals/sig-demo-0140,Light diesel oil requirement for ceramic kilns,"Tender notice for LDO supply to medium speed engines, kilns, and industrial heating units.",Jai Bharat Foods,"Visakhapatnam, Andhra Pradesh",Ceramics,2026-07-14,LDO,CRITICAL
SIG-DEMO-0141,tender,GeM,https://demo.example.com/signals/sig-demo-0141,Tender for Bitumen VG-30 for highway widening package,Supply of 5500 MT bitumen for road construction and paving works near Vadodara. Bid closing within 10 days.,National Highways Authority Demo Unit,"Vadodara, Gujarat",Infrastructure,2026-07-01,BITUMEN,CRITICAL
SIG-DEMO-0142,news,Business News RSS,https://demo.example.com/signals/sig-demo-0142,Steel manufacturer announces new blast furnace capacity,"Bharat Process Industries plans a 5750 MTPA expansion with boilers, furnace operations, and captive power needs.",Bharat Process Industries,"Jamshedpur, Jharkhand",Steel,2026-07-02,FO|LSHS|HSD,HIGH
SIG-DEMO-0143,company_page,Company Website,https://demo.example.com/signals/sig-demo-0143,Edible oil plant expansion with solvent extraction line,Coromandel Demo Chemicals is commissioning a solvent extraction plant and oil mill using hexane recovery systems.,Coromandel Demo Chemicals,"Mumbai, Maharashtra",Edible Oil,2026-07-03,HEXANE,HIGH
SIG-DEMO-0144,tender,eProcure,https://demo.example.com/signals/sig-demo-0144,Supply of High Speed Diesel for mining fleet and DG sets,"Procurement requirement for 6250 KL HSD diesel for heavy vehicles, backup power, and mining operations.",Dakshin Energy Systems,"Kolkata, West Bengal",Mining,2026-07-04,HSD,CRITICAL
SIG-DEMO-0145,news,Industry RSS,https://demo.example.com/signals/sig-demo-0145,Jute mill adds batching unit in eastern region,Eastern Jute Mills has installed a new jute processing and fiber batching unit for higher production.,Eastern Jute Mills,"Chennai, Tamil Nadu",Jute Manufacturing,2026-07-05,JBO,MEDIUM
SIG-DEMO-0146,tender,Port Tender Portal,https://demo.example.com/signals/sig-demo-0146,Marine bunker fuel requirement for vessel refueling,"Tender for bunker fuel, HSD, and vessel refueling support at port operations.",Frontier Infra Projects,"Hyderabad, Telangana",Shipping,2026-07-06,MARINE_BUNKERS|HSD,CRITICAL
SIG-DEMO-0147,company_page,Company Website,https://demo.example.com/signals/sig-demo-0147,Paint manufacturer opens new resin and thinner line,"Ganga Petrochem Demo requires mineral turpentine oil, solvent 1425, paint thinner, and cleaning solvent for manufacturing.",Ganga Petrochem Demo,"Jaipur, Rajasthan",Paints,2026-07-07,MTO|SOLVENT_1425,HIGH
SIG-DEMO-0148,news,Chemical Industry RSS,https://demo.example.com/signals/sig-demo-0148,Fertilizer complex capacity expansion announced,Himalaya Minerals is expanding fertilizer production and sulfuric acid capacity with molten sulphur handling.,Himalaya Minerals,"Bengaluru, Karnataka",Fertilizers,2026-07-08,SULPHUR,HIGH
SIG-DEMO-0149,company_page,Company Website,https://demo.example.com/signals/sig-demo-0149,Polypropylene unit planned by petrochemical manufacturer,Indus Paints and Coatings disclosed a petrochemical expansion involving propylene and polymer production.,Indus Paints and Coatings,"Pune, Maharashtra",Petrochemicals,2026-07-09,PROPYLENE,HIGH
SIG-DEMO-0150,tender,State Procurement Portal,https://demo.example.com/signals/sig-demo-0150,Light diesel oil requirement for ceramic kilns,"Tender notice for LDO supply to medium speed engines, kilns, and industrial heating units.",Jai Bharat Foods,"Visakhapatnam, Andhra Pradesh",Ceramics,2026-07-10,LDO,CRITICAL
SIG-DEMO-0151,tender,GeM,https://demo.example.com/signals/sig-demo-0151,Tender for Bitumen VG-30 for highway widening package,Supply of 8000 MT bitumen for road construction and paving works near Vadodara. Bid closing within 10 days.,National Highways Authority Demo Unit,"Vadodara, Gujarat",Infrastructure,2026-07-11,BITUMEN,CRITICAL
SIG-DEMO-0152,news,Business News RSS,https://demo.example.com/signals/sig-demo-0152,Steel manufacturer announces new blast furnace capacity,"Bharat Process Industries plans a 8250 MTPA expansion with boilers, furnace operations, and captive power needs.",Bharat Process Industries,"Jamshedpur, Jharkhand",Steel,2026-07-12,FO|LSHS|HSD,HIGH
SIG-DEMO-0153,company_page,Company Website,https://demo.example.com/signals/sig-demo-0153,Edible oil plant expansion with solvent extraction line,Coromandel Demo Chemicals is commissioning a solvent extraction plant and oil mill using hexane recovery systems.,Coromandel Demo Chemicals,"Mumbai, Maharashtra",Edible Oil,2026-07-13,HEXANE,HIGH
SIG-DEMO-0154,tender,eProcure,https://demo.example.com/signals/sig-demo-0154,Supply of High Speed Diesel for mining fleet and DG sets,"Procurement requirement for 8750 KL HSD diesel for heavy vehicles, backup power, and mining operations.",Dakshin Energy Systems,"Kolkata, West Bengal",Mining,2026-07-14,HSD,CRITICAL
SIG-DEMO-0155,news,Industry RSS,https://demo.example.com/signals/sig-demo-0155,Jute mill adds batching unit in eastern region,Eastern Jute Mills has installed a new jute processing and fiber batching unit for higher production.,Eastern Jute Mills,"Chennai, Tamil Nadu",Jute Manufacturing,2026-07-01,JBO,MEDIUM
SIG-DEMO-0156,tender,Port Tender Portal,https://demo.example.com/signals/sig-demo-0156,Marine bunker fuel requirement for vessel refueling,"Tender for bunker fuel, HSD, and vessel refueling support at port operations.",Frontier Infra Projects,"Hyderabad, Telangana",Shipping,2026-07-02,MARINE_BUNKERS|HSD,CRITICAL
SIG-DEMO-0157,company_page,Company Website,https://demo.example.com/signals/sig-demo-0157,Paint manufacturer opens new resin and thinner line,"Ganga Petrochem Demo requires mineral turpentine oil, solvent 1425, paint thinner, and cleaning solvent for manufacturing.",Ganga Petrochem Demo,"Jaipur, Rajasthan",Paints,2026-07-03,MTO|SOLVENT_1425,HIGH
SIG-DEMO-0158,news,Chemical Industry RSS,https://demo.example.com/signals/sig-demo-0158,Fertilizer complex capacity expansion announced,Himalaya Minerals is expanding fertilizer production and sulfuric acid capacity with molten sulphur handling.,Himalaya Minerals,"Bengaluru, Karnataka",Fertilizers,2026-07-04,SULPHUR,HIGH
SIG-DEMO-0159,company_page,Company Website,https://demo.example.com/signals/sig-demo-0159,Polypropylene unit planned by petrochemical manufacturer,Indus Paints and Coatings disclosed a petrochemical expansion involving propylene and polymer production.,Indus Paints and Coatings,"Pune, Maharashtra",Petrochemicals,2026-07-05,PROPYLENE,HIGH
SIG-DEMO-0160,tender,State Procurement Portal,https://demo.example.com/signals/sig-demo-0160,Light diesel oil requirement for ceramic kilns,"Tender notice for LDO supply to medium speed engines, kilns, and industrial heating units.",Jai Bharat Foods,"Visakhapatnam, Andhra Pradesh",Ceramics,2026-07-06,LDO,CRITICAL
SIG-DEMO-0161,tender,GeM,https://demo.example.com/signals/sig-demo-0161,Tender for Bitumen VG-30 for highway widening package,Supply of 500 MT bitumen for road construction and paving works near Vadodara. Bid closing within 10 days.,National Highways Authority Demo Unit,"Vadodara, Gujarat",Infrastructure,2026-07-07,BITUMEN,CRITICAL
SIG-DEMO-0162,news,Business News RSS,https://demo.example.com/signals/sig-demo-0162,Steel manufacturer announces new blast furnace capacity,"Bharat Process Industries plans a 750 MTPA expansion with boilers, furnace operations, and captive power needs.",Bharat Process Industries,"Jamshedpur, Jharkhand",Steel,2026-07-08,FO|LSHS|HSD,HIGH
SIG-DEMO-0163,company_page,Company Website,https://demo.example.com/signals/sig-demo-0163,Edible oil plant expansion with solvent extraction line,Coromandel Demo Chemicals is commissioning a solvent extraction plant and oil mill using hexane recovery systems.,Coromandel Demo Chemicals,"Mumbai, Maharashtra",Edible Oil,2026-07-09,HEXANE,HIGH
SIG-DEMO-0164,tender,eProcure,https://demo.example.com/signals/sig-demo-0164,Supply of High Speed Diesel for mining fleet and DG sets,"Procurement requirement for 1250 KL HSD diesel for heavy vehicles, backup power, and mining operations.",Dakshin Energy Systems,"Kolkata, West Bengal",Mining,2026-07-10,HSD,CRITICAL
SIG-DEMO-0165,news,Industry RSS,https://demo.example.com/signals/sig-demo-0165,Jute mill adds batching unit in eastern region,Eastern Jute Mills has installed a new jute processing and fiber batching unit for higher production.,Eastern Jute Mills,"Chennai, Tamil Nadu",Jute Manufacturing,2026-07-11,JBO,MEDIUM
SIG-DEMO-0166,tender,Port Tender Portal,https://demo.example.com/signals/sig-demo-0166,Marine bunker fuel requirement for vessel refueling,"Tender for bunker fuel, HSD, and vessel refueling support at port operations.",Frontier Infra Projects,"Hyderabad, Telangana",Shipping,2026-07-12,MARINE_BUNKERS|HSD,CRITICAL
SIG-DEMO-0167,company_page,Company Website,https://demo.example.com/signals/sig-demo-0167,Paint manufacturer opens new resin and thinner line,"Ganga Petrochem Demo requires mineral turpentine oil, solvent 1425, paint thinner, and cleaning solvent for manufacturing.",Ganga Petrochem Demo,"Jaipur, Rajasthan",Paints,2026-07-13,MTO|SOLVENT_1425,HIGH
SIG-DEMO-0168,news,Chemical Industry RSS,https://demo.example.com/signals/sig-demo-0168,Fertilizer complex capacity expansion announced,Himalaya Minerals is expanding fertilizer production and sulfuric acid capacity with molten sulphur handling.,Himalaya Minerals,"Bengaluru, Karnataka",Fertilizers,2026-07-14,SULPHUR,HIGH
SIG-DEMO-0169,company_page,Company Website,https://demo.example.com/signals/sig-demo-0169,Polypropylene unit planned by petrochemical manufacturer,Indus Paints and Coatings disclosed a petrochemical expansion involving propylene and polymer production.,Indus Paints and Coatings,"Pune, Maharashtra",Petrochemicals,2026-07-01,PROPYLENE,HIGH
SIG-DEMO-0170,tender,State Procurement Portal,https://demo.example.com/signals/sig-demo-0170,Light diesel oil requirement for ceramic kilns,"Tender notice for LDO supply to medium speed engines, kilns, and industrial heating units.",Jai Bharat Foods,"Visakhapatnam, Andhra Pradesh",Ceramics,2026-07-02,LDO,CRITICAL
SIG-DEMO-0171,tender,GeM,https://demo.example.com/signals/sig-demo-0171,Tender for Bitumen VG-30 for highway widening package,Supply of 3000 MT bitumen for road construction and paving works near Vadodara. Bid closing within 10 days.,National Highways Authority Demo Unit,"Vadodara, Gujarat",Infrastructure,2026-07-03,BITUMEN,CRITICAL
SIG-DEMO-0172,news,Business News RSS,https://demo.example.com/signals/sig-demo-0172,Steel manufacturer announces new blast furnace capacity,"Bharat Process Industries plans a 3250 MTPA expansion with boilers, furnace operations, and captive power needs.",Bharat Process Industries,"Jamshedpur, Jharkhand",Steel,2026-07-04,FO|LSHS|HSD,HIGH
SIG-DEMO-0173,company_page,Company Website,https://demo.example.com/signals/sig-demo-0173,Edible oil plant expansion with solvent extraction line,Coromandel Demo Chemicals is commissioning a solvent extraction plant and oil mill using hexane recovery systems.,Coromandel Demo Chemicals,"Mumbai, Maharashtra",Edible Oil,2026-07-05,HEXANE,HIGH
SIG-DEMO-0174,tender,eProcure,https://demo.example.com/signals/sig-demo-0174,Supply of High Speed Diesel for mining fleet and DG sets,"Procurement requirement for 3750 KL HSD diesel for heavy vehicles, backup power, and mining operations.",Dakshin Energy Systems,"Kolkata, West Bengal",Mining,2026-07-06,HSD,CRITICAL
SIG-DEMO-0175,news,Industry RSS,https://demo.example.com/signals/sig-demo-0175,Jute mill adds batching unit in eastern region,Eastern Jute Mills has installed a new jute processing and fiber batching unit for higher production.,Eastern Jute Mills,"Chennai, Tamil Nadu",Jute Manufacturing,2026-07-07,JBO,MEDIUM
SIG-DEMO-0176,tender,Port Tender Portal,https://demo.example.com/signals/sig-demo-0176,Marine bunker fuel requirement for vessel refueling,"Tender for bunker fuel, HSD, and vessel refueling support at port operations.",Frontier Infra Projects,"Hyderabad, Telangana",Shipping,2026-07-08,MARINE_BUNKERS|HSD,CRITICAL
SIG-DEMO-0177,company_page,Company Website,https://demo.example.com/signals/sig-demo-0177,Paint manufacturer opens new resin and thinner line,"Ganga Petrochem Demo requires mineral turpentine oil, solvent 1425, paint thinner, and cleaning solvent for manufacturing.",Ganga Petrochem Demo,"Jaipur, Rajasthan",Paints,2026-07-09,MTO|SOLVENT_1425,HIGH
SIG-DEMO-0178,news,Chemical Industry RSS,https://demo.example.com/signals/sig-demo-0178,Fertilizer complex capacity expansion announced,Himalaya Minerals is expanding fertilizer production and sulfuric acid capacity with molten sulphur handling.,Himalaya Minerals,"Bengaluru, Karnataka",Fertilizers,2026-07-10,SULPHUR,HIGH
SIG-DEMO-0179,company_page,Company Website,https://demo.example.com/signals/sig-demo-0179,Polypropylene unit planned by petrochemical manufacturer,Indus Paints and Coatings disclosed a petrochemical expansion involving propylene and polymer production.,Indus Paints and Coatings,"Pune, Maharashtra",Petrochemicals,2026-07-11,PROPYLENE,HIGH
SIG-DEMO-0180,tender,State Procurement Portal,https://demo.example.com/signals/sig-demo-0180,Light diesel oil requirement for ceramic kilns,"Tender notice for LDO supply to medium speed engines, kilns, and industrial heating units.",Jai Bharat Foods,"Visakhapatnam, Andhra Pradesh",Ceramics,2026-07-12,LDO,CRITICAL
SIG-DEMO-0181,tender,GeM,https://demo.example.com/signals/sig-demo-0181,Tender for Bitumen VG-30 for highway widening package,Supply of 5500 MT bitumen for road construction and paving works near Vadodara. Bid closing within 10 days.,National Highways Authority Demo Unit,"Vadodara, Gujarat",Infrastructure,2026-07-13,BITUMEN,CRITICAL
SIG-DEMO-0182,news,Business News RSS,https://demo.example.com/signals/sig-demo-0182,Steel manufacturer announces new blast furnace capacity,"Bharat Process Industries plans a 5750 MTPA expansion with boilers, furnace operations, and captive power needs.",Bharat Process Industries,"Jamshedpur, Jharkhand",Steel,2026-07-14,FO|LSHS|HSD,HIGH
SIG-DEMO-0183,company_page,Company Website,https://demo.example.com/signals/sig-demo-0183,Edible oil plant expansion with solvent extraction line,Coromandel Demo Chemicals is commissioning a solvent extraction plant and oil mill using hexane recovery systems.,Coromandel Demo Chemicals,"Mumbai, Maharashtra",Edible Oil,2026-07-01,HEXANE,HIGH
SIG-DEMO-0184,tender,eProcure,https://demo.example.com/signals/sig-demo-0184,Supply of High Speed Diesel for mining fleet and DG sets,"Procurement requirement for 6250 KL HSD diesel for heavy vehicles, backup power, and mining operations.",Dakshin Energy Systems,"Kolkata, West Bengal",Mining,2026-07-02,HSD,CRITICAL
SIG-DEMO-0185,news,Industry RSS,https://demo.example.com/signals/sig-demo-0185,Jute mill adds batching unit in eastern region,Eastern Jute Mills has installed a new jute processing and fiber batching unit for higher production.,Eastern Jute Mills,"Chennai, Tamil Nadu",Jute Manufacturing,2026-07-03,JBO,MEDIUM
SIG-DEMO-0186,tender,Port Tender Portal,https://demo.example.com/signals/sig-demo-0186,Marine bunker fuel requirement for vessel refueling,"Tender for bunker fuel, HSD, and vessel refueling support at port operations.",Frontier Infra Projects,"Hyderabad, Telangana",Shipping,2026-07-04,MARINE_BUNKERS|HSD,CRITICAL
SIG-DEMO-0187,company_page,Company Website,https://demo.example.com/signals/sig-demo-0187,Paint manufacturer opens new resin and thinner line,"Ganga Petrochem Demo requires mineral turpentine oil, solvent 1425, paint thinner, and cleaning solvent for manufacturing.",Ganga Petrochem Demo,"Jaipur, Rajasthan",Paints,2026-07-05,MTO|SOLVENT_1425,HIGH
SIG-DEMO-0188,news,Chemical Industry RSS,https://demo.example.com/signals/sig-demo-0188,Fertilizer complex capacity expansion announced,Himalaya Minerals is expanding fertilizer production and sulfuric acid capacity with molten sulphur handling.,Himalaya Minerals,"Bengaluru, Karnataka",Fertilizers,2026-07-06,SULPHUR,HIGH
SIG-DEMO-0189,company_page,Company Website,https://demo.example.com/signals/sig-demo-0189,Polypropylene unit planned by petrochemical manufacturer,Indus Paints and Coatings disclosed a petrochemical expansion involving propylene and polymer production.,Indus Paints and Coatings,"Pune, Maharashtra",Petrochemicals,2026-07-07,PROPYLENE,HIGH
SIG-DEMO-0190,tender,State Procurement Portal,https://demo.example.com/signals/sig-demo-0190,Light diesel oil requirement for ceramic kilns,"Tender notice for LDO supply to medium speed engines, kilns, and industrial heating units.",Jai Bharat Foods,"Visakhapatnam, Andhra Pradesh",Ceramics,2026-07-08,LDO,CRITICAL
SIG-DEMO-0191,tender,GeM,https://demo.example.com/signals/sig-demo-0191,Tender for Bitumen VG-30 for highway widening package,Supply of 8000 MT bitumen for road construction and paving works near Vadodara. Bid closing within 10 days.,National Highways Authority Demo Unit,"Vadodara, Gujarat",Infrastructure,2026-07-09,BITUMEN,CRITICAL
SIG-DEMO-0192,news,Business News RSS,https://demo.example.com/signals/sig-demo-0192,Steel manufacturer announces new blast furnace capacity,"Bharat Process Industries plans a 8250 MTPA expansion with boilers, furnace operations, and captive power needs.",Bharat Process Industries,"Jamshedpur, Jharkhand",Steel,2026-07-10,FO|LSHS|HSD,HIGH
SIG-DEMO-0193,company_page,Company Website,https://demo.example.com/signals/sig-demo-0193,Edible oil plant expansion with solvent extraction line,Coromandel Demo Chemicals is commissioning a solvent extraction plant and oil mill using hexane recovery systems.,Coromandel Demo Chemicals,"Mumbai, Maharashtra",Edible Oil,2026-07-11,HEXANE,HIGH
SIG-DEMO-0194,tender,eProcure,https://demo.example.com/signals/sig-demo-0194,Supply of High Speed Diesel for mining fleet and DG sets,"Procurement requirement for 8750 KL HSD diesel for heavy vehicles, backup power, and mining operations.",Dakshin Energy Systems,"Kolkata, West Bengal",Mining,2026-07-12,HSD,CRITICAL
SIG-DEMO-0195,news,Industry RSS,https://demo.example.com/signals/sig-demo-0195,Jute mill adds batching unit in eastern region,Eastern Jute Mills has installed a new jute processing and fiber batching unit for higher production.,Eastern Jute Mills,"Chennai, Tamil Nadu",Jute Manufacturing,2026-07-13,JBO,MEDIUM
SIG-DEMO-0196,tender,Port Tender Portal,https://demo.example.com/signals/sig-demo-0196,Marine bunker fuel requirement for vessel refueling,"Tender for bunker fuel, HSD, and vessel refueling support at port operations.",Frontier Infra Projects,"Hyderabad, Telangana",Shipping,2026-07-14,MARINE_BUNKERS|HSD,CRITICAL
SIG-DEMO-0197,company_page,Company Website,https://demo.example.com/signals/sig-demo-0197,Paint manufacturer opens new resin and thinner line,"Ganga Petrochem Demo requires mineral turpentine oil, solvent 1425, paint thinner, and cleaning solvent for manufacturing.",Ganga Petrochem Demo,"Jaipur, Rajasthan",Paints,2026-07-01,MTO|SOLVENT_1425,HIGH
SIG-DEMO-0198,news,Chemical Industry RSS,https://demo.example.com/signals/sig-demo-0198,Fertilizer complex capacity expansion announced,Himalaya Minerals is expanding fertilizer production and sulfuric acid capacity with molten sulphur handling.,Himalaya Minerals,"Bengaluru, Karnataka",Fertilizers,2026-07-02,SULPHUR,HIGH
SIG-DEMO-0199,company_page,Company Website,https://demo.example.com/signals/sig-demo-0199,Polypropylene unit planned by petrochemical manufacturer,Indus Paints and Coatings disclosed a petrochemical expansion involving propylene and polymer production.,Indus Paints and Coatings,"Pune, Maharashtra",Petrochemicals,2026-07-03,PROPYLENE,HIGH
SIG-DEMO-0200,tender,State Procurement Portal,https://demo.example.com/signals/sig-demo-0200,Light diesel oil requirement for ceramic kilns,"Tender notice for LDO supply to medium speed engines, kilns, and industrial heating units.",Jai Bharat Foods,"Visakhapatnam, Andhra Pradesh",Ceramics,2026-07-04,LDO,CRITICAL
SIG-DEMO-0201,tender,GeM,https://demo.example.com/signals/sig-demo-0201,Tender for Bitumen VG-30 for highway widening package,Supply of 500 MT bitumen for road construction and paving works near Vadodara. Bid closing within 10 days.,National Highways Authority Demo Unit,"Vadodara, Gujarat",Infrastructure,2026-07-05,BITUMEN,CRITICAL
SIG-DEMO-0202,news,Business News RSS,https://demo.example.com/signals/sig-demo-0202,Steel manufacturer announces new blast furnace capacity,"Bharat Process Industries plans a 750 MTPA expansion with boilers, furnace operations, and captive power needs.",Bharat Process Industries,"Jamshedpur, Jharkhand",Steel,2026-07-06,FO|LSHS|HSD,HIGH
SIG-DEMO-0203,company_page,Company Website,https://demo.example.com/signals/sig-demo-0203,Edible oil plant expansion with solvent extraction line,Coromandel Demo Chemicals is commissioning a solvent extraction plant and oil mill using hexane recovery systems.,Coromandel Demo Chemicals,"Mumbai, Maharashtra",Edible Oil,2026-07-07,HEXANE,HIGH
SIG-DEMO-0204,tender,eProcure,https://demo.example.com/signals/sig-demo-0204,Supply of High Speed Diesel for mining fleet and DG sets,"Procurement requirement for 1250 KL HSD diesel for heavy vehicles, backup power, and mining operations.",Dakshin Energy Systems,"Kolkata, West Bengal",Mining,2026-07-08,HSD,CRITICAL
SIG-DEMO-0205,news,Industry RSS,https://demo.example.com/signals/sig-demo-0205,Jute mill adds batching unit in eastern region,Eastern Jute Mills has installed a new jute processing and fiber batching unit for higher production.,Eastern Jute Mills,"Chennai, Tamil Nadu",Jute Manufacturing,2026-07-09,JBO,MEDIUM
SIG-DEMO-0206,tender,Port Tender Portal,https://demo.example.com/signals/sig-demo-0206,Marine bunker fuel requirement for vessel refueling,"Tender for bunker fuel, HSD, and vessel refueling support at port operations.",Frontier Infra Projects,"Hyderabad, Telangana",Shipping,2026-07-10,MARINE_BUNKERS|HSD,CRITICAL
SIG-DEMO-0207,company_page,Company Website,https://demo.example.com/signals/sig-demo-0207,Paint manufacturer opens new resin and thinner line,"Ganga Petrochem Demo requires mineral turpentine oil, solvent 1425, paint thinner, and cleaning solvent for manufacturing.",Ganga Petrochem Demo,"Jaipur, Rajasthan",Paints,2026-07-11,MTO|SOLVENT_1425,HIGH
SIG-DEMO-0208,news,Chemical Industry RSS,https://demo.example.com/signals/sig-demo-0208,Fertilizer complex capacity expansion announced,Himalaya Minerals is expanding fertilizer production and sulfuric acid capacity with molten sulphur handling.,Himalaya Minerals,"Bengaluru, Karnataka",Fertilizers,2026-07-12,SULPHUR,HIGH
SIG-DEMO-0209,company_page,Company Website,https://demo.example.com/signals/sig-demo-0209,Polypropylene unit planned by petrochemical manufacturer,Indus Paints and Coatings disclosed a petrochemical expansion involving propylene and polymer production.,Indus Paints and Coatings,"Pune, Maharashtra",Petrochemicals,2026-07-13,PROPYLENE,HIGH
SIG-DEMO-0210,tender,State Procurement Portal,https://demo.example.com/signals/sig-demo-0210,Light diesel oil requirement for ceramic kilns,"Tender notice for LDO supply to medium speed engines, kilns, and industrial heating units.",Jai Bharat Foods,"Visakhapatnam, Andhra Pradesh",Ceramics,2026-07-14,LDO,CRITICAL
SIG-DEMO-0211,tender,GeM,https://demo.example.com/signals/sig-demo-0211,Tender for Bitumen VG-30 for highway widening package,Supply of 3000 MT bitumen for road construction and paving works near Vadodara. Bid closing within 10 days.,National Highways Authority Demo Unit,"Vadodara, Gujarat",Infrastructure,2026-07-01,BITUMEN,CRITICAL
SIG-DEMO-0212,news,Business News RSS,https://demo.example.com/signals/sig-demo-0212,Steel manufacturer announces new blast furnace capacity,"Bharat Process Industries plans a 3250 MTPA expansion with boilers, furnace operations, and captive power needs.",Bharat Process Industries,"Jamshedpur, Jharkhand",Steel,2026-07-02,FO|LSHS|HSD,HIGH
SIG-DEMO-0213,company_page,Company Website,https://demo.example.com/signals/sig-demo-0213,Edible oil plant expansion with solvent extraction line,Coromandel Demo Chemicals is commissioning a solvent extraction plant and oil mill using hexane recovery systems.,Coromandel Demo Chemicals,"Mumbai, Maharashtra",Edible Oil,2026-07-03,HEXANE,HIGH
SIG-DEMO-0214,tender,eProcure,https://demo.example.com/signals/sig-demo-0214,Supply of High Speed Diesel for mining fleet and DG sets,"Procurement requirement for 3750 KL HSD diesel for heavy vehicles, backup power, and mining operations.",Dakshin Energy Systems,"Kolkata, West Bengal",Mining,2026-07-04,HSD,CRITICAL
SIG-DEMO-0215,news,Industry RSS,https://demo.example.com/signals/sig-demo-0215,Jute mill adds batching unit in eastern region,Eastern Jute Mills has installed a new jute processing and fiber batching unit for higher production.,Eastern Jute Mills,"Chennai, Tamil Nadu",Jute Manufacturing,2026-07-05,JBO,MEDIUM
SIG-DEMO-0216,tender,Port Tender Portal,https://demo.example.com/signals/sig-demo-0216,Marine bunker fuel requirement for vessel refueling,"Tender for bunker fuel, HSD, and vessel refueling support at port operations.",Frontier Infra Projects,"Hyderabad, Telangana",Shipping,2026-07-06,MARINE_BUNKERS|HSD,CRITICAL
SIG-DEMO-0217,company_page,Company Website,https://demo.example.com/signals/sig-demo-0217,Paint manufacturer opens new resin and thinner line,"Ganga Petrochem Demo requires mineral turpentine oil, solvent 1425, paint thinner, and cleaning solvent for manufacturing.",Ganga Petrochem Demo,"Jaipur, Rajasthan",Paints,2026-07-07,MTO|SOLVENT_1425,HIGH
SIG-DEMO-0218,news,Chemical Industry RSS,https://demo.example.com/signals/sig-demo-0218,Fertilizer complex capacity expansion announced,Himalaya Minerals is expanding fertilizer production and sulfuric acid capacity with molten sulphur handling.,Himalaya Minerals,"Bengaluru, Karnataka",Fertilizers,2026-07-08,SULPHUR,HIGH
SIG-DEMO-0219,company_page,Company Website,https://demo.example.com/signals/sig-demo-0219,Polypropylene unit planned by petrochemical manufacturer,Indus Paints and Coatings disclosed a petrochemical expansion involving propylene and polymer production.,Indus Paints and Coatings,"Pune, Maharashtra",Petrochemicals,2026-07-09,PROPYLENE,HIGH
SIG-DEMO-0220,tender,State Procurement Portal,https://demo.example.com/signals/sig-demo-0220,Light diesel oil requirement for ceramic kilns,"Tender notice for LDO supply to medium speed engines, kilns, and industrial heating units.",Jai Bharat Foods,"Visakhapatnam, Andhra Pradesh",Ceramics,2026-07-10,LDO,CRITICAL
SIG-DEMO-0221,tender,GeM,https://demo.example.com/signals/sig-demo-0221,Tender for Bitumen VG-30 for highway widening package,Supply of 5500 MT bitumen for road construction and paving works near Vadodara. Bid closing within 10 days.,National Highways Authority Demo Unit,"Vadodara, Gujarat",Infrastructure,2026-07-11,BITUMEN,CRITICAL
SIG-DEMO-0222,news,Business News RSS,https://demo.example.com/signals/sig-demo-0222,Steel manufacturer announces new blast furnace capacity,"Bharat Process Industries plans a 5750 MTPA expansion with boilers, furnace operations, and captive power needs.",Bharat Process Industries,"Jamshedpur, Jharkhand",Steel,2026-07-12,FO|LSHS|HSD,HIGH
SIG-DEMO-0223,company_page,Company Website,https://demo.example.com/signals/sig-demo-0223,Edible oil plant expansion with solvent extraction line,Coromandel Demo Chemicals is commissioning a solvent extraction plant and oil mill using hexane recovery systems.,Coromandel Demo Chemicals,"Mumbai, Maharashtra",Edible Oil,2026-07-13,HEXANE,HIGH
SIG-DEMO-0224,tender,eProcure,https://demo.example.com/signals/sig-demo-0224,Supply of High Speed Diesel for mining fleet and DG sets,"Procurement requirement for 6250 KL HSD diesel for heavy vehicles, backup power, and mining operations.",Dakshin Energy Systems,"Kolkata, West Bengal",Mining,2026-07-14,HSD,CRITICAL
SIG-DEMO-0225,news,Industry RSS,https://demo.example.com/signals/sig-demo-0225,Jute mill adds batching unit in eastern region,Eastern Jute Mills has installed a new jute processing and fiber batching unit for higher production.,Eastern Jute Mills,"Chennai, Tamil Nadu",Jute Manufacturing,2026-07-01,JBO,MEDIUM
SIG-DEMO-0226,tender,Port Tender Portal,https://demo.example.com/signals/sig-demo-0226,Marine bunker fuel requirement for vessel refueling,"Tender for bunker fuel, HSD, and vessel refueling support at port operations.",Frontier Infra Projects,"Hyderabad, Telangana",Shipping,2026-07-02,MARINE_BUNKERS|HSD,CRITICAL
SIG-DEMO-0227,company_page,Company Website,https://demo.example.com/signals/sig-demo-0227,Paint manufacturer opens new resin and thinner line,"Ganga Petrochem Demo requires mineral turpentine oil, solvent 1425, paint thinner, and cleaning solvent for manufacturing.",Ganga Petrochem Demo,"Jaipur, Rajasthan",Paints,2026-07-03,MTO|SOLVENT_1425,HIGH
SIG-DEMO-0228,news,Chemical Industry RSS,https://demo.example.com/signals/sig-demo-0228,Fertilizer complex capacity expansion announced,Himalaya Minerals is expanding fertilizer production and sulfuric acid capacity with molten sulphur handling.,Himalaya Minerals,"Bengaluru, Karnataka",Fertilizers,2026-07-04,SULPHUR,HIGH
SIG-DEMO-0229,company_page,Company Website,https://demo.example.com/signals/sig-demo-0229,Polypropylene unit planned by petrochemical manufacturer,Indus Paints and Coatings disclosed a petrochemical expansion involving propylene and polymer production.,Indus Paints and Coatings,"Pune, Maharashtra",Petrochemicals,2026-07-05,PROPYLENE,HIGH
SIG-DEMO-0230,tender,State Procurement Portal,https://demo.example.com/signals/sig-demo-0230,Light diesel oil requirement for ceramic kilns,"Tender notice for LDO supply to medium speed engines, kilns, and industrial heating units.",Jai Bharat Foods,"Visakhapatnam, Andhra Pradesh",Ceramics,2026-07-06,LDO,CRITICAL
SIG-DEMO-0231,tender,GeM,https://demo.example.com/signals/sig-demo-0231,Tender for Bitumen VG-30 for highway widening package,Supply of 8000 MT bitumen for road construction and paving works near Vadodara. Bid closing within 10 days.,National Highways Authority Demo Unit,"Vadodara, Gujarat",Infrastructure,2026-07-07,BITUMEN,CRITICAL
SIG-DEMO-0232,news,Business News RSS,https://demo.example.com/signals/sig-demo-0232,Steel manufacturer announces new blast furnace capacity,"Bharat Process Industries plans a 8250 MTPA expansion with boilers, furnace operations, and captive power needs.",Bharat Process Industries,"Jamshedpur, Jharkhand",Steel,2026-07-08,FO|LSHS|HSD,HIGH
SIG-DEMO-0233,company_page,Company Website,https://demo.example.com/signals/sig-demo-0233,Edible oil plant expansion with solvent extraction line,Coromandel Demo Chemicals is commissioning a solvent extraction plant and oil mill using hexane recovery systems.,Coromandel Demo Chemicals,"Mumbai, Maharashtra",Edible Oil,2026-07-09,HEXANE,HIGH
SIG-DEMO-0234,tender,eProcure,https://demo.example.com/signals/sig-demo-0234,Supply of High Speed Diesel for mining fleet and DG sets,"Procurement requirement for 8750 KL HSD diesel for heavy vehicles, backup power, and mining operations.",Dakshin Energy Systems,"Kolkata, West Bengal",Mining,2026-07-10,HSD,CRITICAL
SIG-DEMO-0235,news,Industry RSS,https://demo.example.com/signals/sig-demo-0235,Jute mill adds batching unit in eastern region,Eastern Jute Mills has installed a new jute processing and fiber batching unit for higher production.,Eastern Jute Mills,"Chennai, Tamil Nadu",Jute Manufacturing,2026-07-11,JBO,MEDIUM
SIG-DEMO-0236,tender,Port Tender Portal,https://demo.example.com/signals/sig-demo-0236,Marine bunker fuel requirement for vessel refueling,"Tender for bunker fuel, HSD, and vessel refueling support at port operations.",Frontier Infra Projects,"Hyderabad, Telangana",Shipping,2026-07-12,MARINE_BUNKERS|HSD,CRITICAL
SIG-DEMO-0237,company_page,Company Website,https://demo.example.com/signals/sig-demo-0237,Paint manufacturer opens new resin and thinner line,"Ganga Petrochem Demo requires mineral turpentine oil, solvent 1425, paint thinner, and cleaning solvent for manufacturing.",Ganga Petrochem Demo,"Jaipur, Rajasthan",Paints,2026-07-13,MTO|SOLVENT_1425,HIGH
SIG-DEMO-0238,news,Chemical Industry RSS,https://demo.example.com/signals/sig-demo-0238,Fertilizer complex capacity expansion announced,Himalaya Minerals is expanding fertilizer production and sulfuric acid capacity with molten sulphur handling.,Himalaya Minerals,"Bengaluru, Karnataka",Fertilizers,2026-07-14,SULPHUR,HIGH
SIG-DEMO-0239,company_page,Company Website,https://demo.example.com/signals/sig-demo-0239,Polypropylene unit planned by petrochemical manufacturer,Indus Paints and Coatings disclosed a petrochemical expansion involving propylene and polymer production.,Indus Paints and Coatings,"Pune, Maharashtra",Petrochemicals,2026-07-01,PROPYLENE,HIGH
SIG-DEMO-0240,tender,State Procurement Portal,https://demo.example.com/signals/sig-demo-0240,Light diesel oil requirement for ceramic kilns,"Tender notice for LDO supply to medium speed engines, kilns, and industrial heating units.",Jai Bharat Foods,"Visakhapatnam, Andhra Pradesh",Ceramics,2026-07-02,LDO,CRITICAL
SIG-DEMO-0241,tender,GeM,https://demo.example.com/signals/sig-demo-0241,Tender for Bitumen VG-30 for highway widening package,Supply of 500 MT bitumen for road construction and paving works near Vadodara. Bid closing within 10 days.,National Highways Authority Demo Unit,"Vadodara, Gujarat",Infrastructure,2026-07-03,BITUMEN,CRITICAL
SIG-DEMO-0242,news,Business News RSS,https://demo.example.com/signals/sig-demo-0242,Steel manufacturer announces new blast furnace capacity,"Bharat Process Industries plans a 750 MTPA expansion with boilers, furnace operations, and captive power needs.",Bharat Process Industries,"Jamshedpur, Jharkhand",Steel,2026-07-04,FO|LSHS|HSD,HIGH
SIG-DEMO-0243,company_page,Company Website,https://demo.example.com/signals/sig-demo-0243,Edible oil plant expansion with solvent extraction line,Coromandel Demo Chemicals is commissioning a solvent extraction plant and oil mill using hexane recovery systems.,Coromandel Demo Chemicals,"Mumbai, Maharashtra",Edible Oil,2026-07-05,HEXANE,HIGH
SIG-DEMO-0244,tender,eProcure,https://demo.example.com/signals/sig-demo-0244,Supply of High Speed Diesel for mining fleet and DG sets,"Procurement requirement for 1250 KL HSD diesel for heavy vehicles, backup power, and mining operations.",Dakshin Energy Systems,"Kolkata, West Bengal",Mining,2026-07-06,HSD,CRITICAL
SIG-DEMO-0245,news,Industry RSS,https://demo.example.com/signals/sig-demo-0245,Jute mill adds batching unit in eastern region,Eastern Jute Mills has installed a new jute processing and fiber batching unit for higher production.,Eastern Jute Mills,"Chennai, Tamil Nadu",Jute Manufacturing,2026-07-07,JBO,MEDIUM
SIG-DEMO-0246,tender,Port Tender Portal,https://demo.example.com/signals/sig-demo-0246,Marine bunker fuel requirement for vessel refueling,"Tender for bunker fuel, HSD, and vessel refueling support at port operations.",Frontier Infra Projects,"Hyderabad, Telangana",Shipping,2026-07-08,MARINE_BUNKERS|HSD,CRITICAL
SIG-DEMO-0247,company_page,Company Website,https://demo.example.com/signals/sig-demo-0247,Paint manufacturer opens new resin and thinner line,"Ganga Petrochem Demo requires mineral turpentine oil, solvent 1425, paint thinner, and cleaning solvent for manufacturing.",Ganga Petrochem Demo,"Jaipur, Rajasthan",Paints,2026-07-09,MTO|SOLVENT_1425,HIGH
SIG-DEMO-0248,news,Chemical Industry RSS,https://demo.example.com/signals/sig-demo-0248,Fertilizer complex capacity expansion announced,Himalaya Minerals is expanding fertilizer production and sulfuric acid capacity with molten sulphur handling.,Himalaya Minerals,"Bengaluru, Karnataka",Fertilizers,2026-07-10,SULPHUR,HIGH
SIG-DEMO-0249,company_page,Company Website,https://demo.example.com/signals/sig-demo-0249,Polypropylene unit planned by petrochemical manufacturer,Indus Paints and Coatings disclosed a petrochemical expansion involving propylene and polymer production.,Indus Paints and Coatings,"Pune, Maharashtra",Petrochemicals,2026-07-11,PROPYLENE,HIGH
SIG-DEMO-0250,tender,State Procurement Portal,https://demo.example.com/signals/sig-demo-0250,Light diesel oil requirement for ceramic kilns,"Tender notice for LDO supply to medium speed engines, kilns, and industrial heating units.",Jai Bharat Foods,"Visakhapatnam, Andhra Pradesh",Ceramics,2026-07-12,LDO,CRITICAL
